監視項目,ログレベル,確認内容,正常な範囲,警告閾値,対応方法,チェック周期
API 実行時間,INFO,エンドポイントの応答時間,< 100ms,> 500ms,データベースクエリの最適化・インデックス確認,日次
,INFO,外部 API 呼び出し,< 1000ms,> 3000ms,外部サービスの状態確認・タイムアウト設定確認,日次
データベースクエリ実行時間,INFO,SELECT クエリ,< 50ms,> 100ms,インデックス追加・クエリ最適化,日次
,INFO,INSERT/UPDATE クエリ,< 100ms,> 300ms,バッチ処理の確認・トランザクション設計の見直し,日次
,INFO,DELETE クエリ,< 100ms,> 300ms,デリート対象の絞り込み・バッチ処理化,日次
API エラー率,ERROR,5分単位のエラー件数,0件,> 10件/5分,API ログの詳細確認・エラーコード分類,リアルタイム
,ERROR,ステータスコード 500,0件,> 5件/day,サーバーログの確認・スタックトレース確認,リアルタイム
,WARN,ステータスコード 4xx,正常,> 20件/day,バリデーションルール・クライアント側の対応確認,1時間単位
バリデーション失敗,WARN,必須フィールド未入力,< 5%,> 20%,UI/UX の改善・ユーザー教育,日次
,WARN,不正なデータ形式,< 2%,> 10%,バリデーションルール・クライアント側の指導,日次
権限エラー,WARN,403 Forbidden,0-5件/day,> 20件/day,ユーザー権限の確認・設定値の検証,日次
トランザクション失敗,ERROR,トランザクション数に対する失敗率,< 0.1%,> 1%,トランザクション設計の見直し・エラーハンドリング改善,日次
データベース接続,ERROR,接続確立時間,< 50ms,> 200ms,コネクションプール設定・DB 側のリソース確認,リアルタイム
,ERROR,接続タイムアウト,0件,> 1件/day,接続設定の見直し・DB 側のリソース確認,リアルタイム
クライアント側エラー,ERROR,JavaScript エラー,0-5件/day,> 20件/day,エラースタックトレースの確認・修正,1時間単位
,ERROR,API 呼び出し失敗,< 1%,> 5%,API エンドポイントの確認・ネットワーク状況確認,1時間単位
ユーザーセッション,INFO,セッション作成数,日時により異なる,急激な増減時,セッション作成パターンの確認・不正アクセスの確認,日次
,INFO,セッション破棄数,日時により異なる,正常な割合,セッションライフサイクルの確認,日次
,WARN,同一ユーザー複数セッション,1-2個,> 5個,セッション管理ロジックの確認・不正アクセスの確認,日次

推奨監視ツール,Loki,ログ集約・検索・可視化,開発環境での簡易監視
,Datadog,本番環境での包括的監視,リアルタイムアラート・分析機能
,ELK Stack (Elasticsearch Logstash Kibana),大規模なログ管理,柔軟なカスタマイズ
,CloudWatch (AWS),AWS 環境でのログ管理,AWS サービスとの統合
,Sentry,エラートラッキング,ユーザー影響度の可視化

アラート設定,アラート内容,対象ログレベル,通知先,トリガー条件,優先度
,API エラー多発,ERROR,運用チーム,5分内に ERROR が 10件以上,Critical
,データベースパフォーマンス低下,WARN,開発チーム,SELECT クエリが 100ms 以上が 10%超,High
,バリデーションエラー増加,WARN,開発チーム,バリデーションエラーが 20%以上,Medium
,トランザクション失敗,ERROR,運用チーム,失敗率が 1%以上,Critical
,セッション管理異常,WARN,セキュリティチーム,同一ユーザー 5個以上のセッション,High

ログ保持期間,ログレベル,保持期間,ストレージ,アーカイブ方針
,DEBUG,7日,メモリ・ローカルストレージ,自動削除
,INFO,30日,ログ集約ツール,月単位でアーカイブ
,WARN,90日,ログ集約ツール,月単位でアーカイブ
,ERROR,1年,長期ストレージ,月単位でアーカイブ・コンプライアンス対応

月次レビュー,確認項目,対象データ,評価基準,改善アクション
,API パフォーマンス,実行時間の統計,平均値・95パーセンタイル,最適化が必要な場合は優先度付け
,エラー発生パターン,エラーコード・発生頻度,トレンド分析,重大なエラーは即座に対応
,ユーザー行動分析,操作流,離脱ポイント分析,UI/UX 改善の検討
,システム健全性,全体的なログ量・エラー率,月次比較,傾向把握・予測
